
SET FOREIGN_KEY_CHECKS=0;

-- ----------------------------
-- Table structure for `font_awsome`
-- ----------------------------
DROP TABLE IF EXISTS `font_awsome`;
CREATE TABLE `font_awsome` (
  `id` int(9) NOT NULL AUTO_INCREMENT,
  `code` varchar(50) DEFAULT NULL,
  PRIMARY KEY (`id`)
) ENGINE=InnoDB AUTO_INCREMENT=787 DEFAULT CHARSET=utf8;

-- ----------------------------
-- Records of font_awsome
-- ----------------------------
INSERT INTO `font_awsome` VALUES ('1', 'fa fa-address-book');
INSERT INTO `font_awsome` VALUES ('2', 'fa fa-address-book-o');
INSERT INTO `font_awsome` VALUES ('3', 'fa fa-address-card');
INSERT INTO `font_awsome` VALUES ('4', 'fa fa-address-card-o');
INSERT INTO `font_awsome` VALUES ('5', 'fa fa-bandcamp');
INSERT INTO `font_awsome` VALUES ('6', 'fa fa-bath');
INSERT INTO `font_awsome` VALUES ('7', 'fa fa-bathtub');
INSERT INTO `font_awsome` VALUES ('8', 'fa fa-drivers-license');
INSERT INTO `font_awsome` VALUES ('9', 'fa fa-drivers-license-o');
INSERT INTO `font_awsome` VALUES ('10', 'fa fa-eercast');
INSERT INTO `font_awsome` VALUES ('11', 'fa fa-envelope-open');
INSERT INTO `font_awsome` VALUES ('12', 'fa fa-envelope-open-o');
INSERT INTO `font_awsome` VALUES ('13', 'fa fa-etsy');
INSERT INTO `font_awsome` VALUES ('14', 'fa fa-free-code-camp');
INSERT INTO `font_awsome` VALUES ('15', 'fa fa-grav');
INSERT INTO `font_awsome` VALUES ('16', 'fa fa-handshake-o');
INSERT INTO `font_awsome` VALUES ('17', 'fa fa-id-badge');
INSERT INTO `font_awsome` VALUES ('18', 'fa fa-id-card');
INSERT INTO `font_awsome` VALUES ('19', 'fa fa-id-card-o');
INSERT INTO `font_awsome` VALUES ('20', 'fa fa-imdb');
INSERT INTO `font_awsome` VALUES ('21', 'fa fa-linode');
INSERT INTO `font_awsome` VALUES ('22', 'fa fa-meetup');
INSERT INTO `font_awsome` VALUES ('23', 'fa fa-microchip');
INSERT INTO `font_awsome` VALUES ('24', 'fa fa-podcast');
INSERT INTO `font_awsome` VALUES ('25', 'fa fa-quora');
INSERT INTO `font_awsome` VALUES ('26', 'fa fa-ravelry');
INSERT INTO `font_awsome` VALUES ('27', 'fa fa-s15');
INSERT INTO `font_awsome` VALUES ('28', 'fa fa-shower');
INSERT INTO `font_awsome` VALUES ('29', 'fa fa-snowflake-o');
INSERT INTO `font_awsome` VALUES ('30', 'fa fa-superpowers');
INSERT INTO `font_awsome` VALUES ('31', 'fa fa-telegram');
INSERT INTO `font_awsome` VALUES ('32', 'fa fa-thermometer');
INSERT INTO `font_awsome` VALUES ('33', 'fa fa-thermometer-0');
INSERT INTO `font_awsome` VALUES ('34', 'fa fa-thermometer-1');
INSERT INTO `font_awsome` VALUES ('35', 'fa fa-thermometer-2');
INSERT INTO `font_awsome` VALUES ('36', 'fa fa-thermometer-3');
INSERT INTO `font_awsome` VALUES ('37', 'fa fa-thermometer-4');
INSERT INTO `font_awsome` VALUES ('38', 'fa fa-thermometer-empty');
INSERT INTO `font_awsome` VALUES ('39', 'fa fa-thermometer-full');
INSERT INTO `font_awsome` VALUES ('40', 'fa fa-thermometer-half');
INSERT INTO `font_awsome` VALUES ('41', 'fa fa-thermometer-quarter');
INSERT INTO `font_awsome` VALUES ('42', 'fa fa-thermometer-three-quarters');
INSERT INTO `font_awsome` VALUES ('43', 'fa fa-times-rectangle');
INSERT INTO `font_awsome` VALUES ('44', 'fa fa-times-rectangle-o');
INSERT INTO `font_awsome` VALUES ('45', 'fa fa-user-circle');
INSERT INTO `font_awsome` VALUES ('46', 'fa fa-user-circle-o');
INSERT INTO `font_awsome` VALUES ('47', 'fa fa-user-o');
INSERT INTO `font_awsome` VALUES ('48', 'fa fa-vcard');
INSERT INTO `font_awsome` VALUES ('49', 'fa fa-vcard-o');
INSERT INTO `font_awsome` VALUES ('50', 'fa fa-window-close');
INSERT INTO `font_awsome` VALUES ('51', 'fa fa-window-close-o');
INSERT INTO `font_awsome` VALUES ('52', 'fa fa-window-maximize');
INSERT INTO `font_awsome` VALUES ('53', 'fa fa-window-minimize');
INSERT INTO `font_awsome` VALUES ('54', 'fa fa-window-restore');
INSERT INTO `font_awsome` VALUES ('55', 'fa fa-wpexplorer');
INSERT INTO `font_awsome` VALUES ('56', 'fa fa-adjust');
INSERT INTO `font_awsome` VALUES ('57', 'fa fa-american-sign-language-interpreting');
INSERT INTO `font_awsome` VALUES ('58', 'fa fa-anchor');
INSERT INTO `font_awsome` VALUES ('59', 'fa fa-archive');
INSERT INTO `font_awsome` VALUES ('60', 'fa fa-area-chart');
INSERT INTO `font_awsome` VALUES ('61', 'fa fa-arrows');
INSERT INTO `font_awsome` VALUES ('62', 'fa fa-arrows-h');
INSERT INTO `font_awsome` VALUES ('63', 'fa fa-arrows-v');
INSERT INTO `font_awsome` VALUES ('64', 'fa fa-asl-interpreting');
INSERT INTO `font_awsome` VALUES ('65', 'fa fa-assistive-listening-systems');
INSERT INTO `font_awsome` VALUES ('66', 'fa fa-asterisk');
INSERT INTO `font_awsome` VALUES ('67', 'fa fa-at');
INSERT INTO `font_awsome` VALUES ('68', 'fa fa-audio-description');
INSERT INTO `font_awsome` VALUES ('69', 'fa fa-automobile');
INSERT INTO `font_awsome` VALUES ('70', 'fa fa-balance-scale');
INSERT INTO `font_awsome` VALUES ('71', 'fa fa-ban');
INSERT INTO `font_awsome` VALUES ('72', 'fa fa-bank');
INSERT INTO `font_awsome` VALUES ('73', 'fa fa-bar-chart');
INSERT INTO `font_awsome` VALUES ('74', 'fa fa-bar-chart-o');
INSERT INTO `font_awsome` VALUES ('75', 'fa fa-barcode');
INSERT INTO `font_awsome` VALUES ('76', 'fa fa-bars');
INSERT INTO `font_awsome` VALUES ('77', 'fa fa-battery');
INSERT INTO `font_awsome` VALUES ('78', 'fa fa-battery-0');
INSERT INTO `font_awsome` VALUES ('79', 'fa fa-battery-1');
INSERT INTO `font_awsome` VALUES ('80', 'fa fa-battery-2');
INSERT INTO `font_awsome` VALUES ('81', 'fa fa-battery-3');
INSERT INTO `font_awsome` VALUES ('82', 'fa fa-battery-4');
INSERT INTO `font_awsome` VALUES ('83', 'fa fa-battery-empty');
INSERT INTO `font_awsome` VALUES ('84', 'fa fa-battery-full');
INSERT INTO `font_awsome` VALUES ('85', 'fa fa-battery-half');
INSERT INTO `font_awsome` VALUES ('86', 'fa fa-battery-quarter');
INSERT INTO `font_awsome` VALUES ('87', 'fa fa-battery-three-quarters');
INSERT INTO `font_awsome` VALUES ('88', 'fa fa-bed');
INSERT INTO `font_awsome` VALUES ('89', 'fa fa-beer');
INSERT INTO `font_awsome` VALUES ('90', 'fa fa-bell');
INSERT INTO `font_awsome` VALUES ('91', 'fa fa-bell-o');
INSERT INTO `font_awsome` VALUES ('92', 'fa fa-bell-slash');
INSERT INTO `font_awsome` VALUES ('93', 'fa fa-bell-slash-o');
INSERT INTO `font_awsome` VALUES ('94', 'fa fa-bicycle');
INSERT INTO `font_awsome` VALUES ('95', 'fa fa-binoculars');
INSERT INTO `font_awsome` VALUES ('96', 'fa fa-birthday-cake');
INSERT INTO `font_awsome` VALUES ('97', 'fa fa-blind');
INSERT INTO `font_awsome` VALUES ('98', 'fa fa-bluetooth');
INSERT INTO `font_awsome` VALUES ('99', 'fa fa-bluetooth-b');
INSERT INTO `font_awsome` VALUES ('100', 'fa fa-bolt');
INSERT INTO `font_awsome` VALUES ('101', 'fa fa-bomb');
INSERT INTO `font_awsome` VALUES ('102', 'fa fa-book');
INSERT INTO `font_awsome` VALUES ('103', 'fa fa-bookmark');
INSERT INTO `font_awsome` VALUES ('104', 'fa fa-bookmark-o');
INSERT INTO `font_awsome` VALUES ('105', 'fa fa-braille');
INSERT INTO `font_awsome` VALUES ('106', 'fa fa-briefcase');
INSERT INTO `font_awsome` VALUES ('107', 'fa fa-bug');
INSERT INTO `font_awsome` VALUES ('108', 'fa fa-building');
INSERT INTO `font_awsome` VALUES ('109', 'fa fa-building-o');
INSERT INTO `font_awsome` VALUES ('110', 'fa fa-bullhorn');
INSERT INTO `font_awsome` VALUES ('111', 'fa fa-bullseye');
INSERT INTO `font_awsome` VALUES ('112', 'fa fa-bus');
INSERT INTO `font_awsome` VALUES ('113', 'fa fa-cab');
INSERT INTO `font_awsome` VALUES ('114', 'fa fa-calculator');
INSERT INTO `font_awsome` VALUES ('115', 'fa fa-calendar');
INSERT INTO `font_awsome` VALUES ('116', 'fa fa-calendar-check-o');
INSERT INTO `font_awsome` VALUES ('117', 'fa fa-calendar-minus-o');
INSERT INTO `font_awsome` VALUES ('118', 'fa fa-calendar-o');
INSERT INTO `font_awsome` VALUES ('119', 'fa fa-calendar-plus-o');
INSERT INTO `font_awsome` VALUES ('120', 'fa fa-calendar-times-o');
INSERT INTO `font_awsome` VALUES ('121', 'fa fa-camera');
INSERT INTO `font_awsome` VALUES ('122', 'fa fa-camera-retro');
INSERT INTO `font_awsome` VALUES ('123', 'fa fa-car');
INSERT INTO `font_awsome` VALUES ('124', 'fa fa-caret-square-o-down');
INSERT INTO `font_awsome` VALUES ('125', 'fa fa-caret-square-o-left');
INSERT INTO `font_awsome` VALUES ('126', 'fa fa-caret-square-o-right');
INSERT INTO `font_awsome` VALUES ('127', 'fa fa-caret-square-o-up');
INSERT INTO `font_awsome` VALUES ('128', 'fa fa-cart-arrow-down');
INSERT INTO `font_awsome` VALUES ('129', 'fa fa-cart-plus');
INSERT INTO `font_awsome` VALUES ('130', 'fa fa-cc');
INSERT INTO `font_awsome` VALUES ('131', 'fa fa-certificate');
INSERT INTO `font_awsome` VALUES ('132', 'fa fa-check');
INSERT INTO `font_awsome` VALUES ('133', 'fa fa-check-circle');
INSERT INTO `font_awsome` VALUES ('134', 'fa fa-check-circle-o');
INSERT INTO `font_awsome` VALUES ('135', 'fa fa-check-square');
INSERT INTO `font_awsome` VALUES ('136', 'fa fa-check-square-o');
INSERT INTO `font_awsome` VALUES ('137', 'fa fa-child');
INSERT INTO `font_awsome` VALUES ('138', 'fa fa-circle');
INSERT INTO `font_awsome` VALUES ('139', 'fa fa-circle-o');
INSERT INTO `font_awsome` VALUES ('140', 'fa fa-circle-o-notch');
INSERT INTO `font_awsome` VALUES ('141', 'fa fa-circle-thin');
INSERT INTO `font_awsome` VALUES ('142', 'fa fa-clock-o');
INSERT INTO `font_awsome` VALUES ('143', 'fa fa-clone');
INSERT INTO `font_awsome` VALUES ('144', 'fa fa-close');
INSERT INTO `font_awsome` VALUES ('145', 'fa fa-cloud');
INSERT INTO `font_awsome` VALUES ('146', 'fa fa-cloud-download');
INSERT INTO `font_awsome` VALUES ('147', 'fa fa-cloud-upload');
INSERT INTO `font_awsome` VALUES ('148', 'fa fa-code');
INSERT INTO `font_awsome` VALUES ('149', 'fa fa-code-fork');
INSERT INTO `font_awsome` VALUES ('150', 'fa fa-coffee');
INSERT INTO `font_awsome` VALUES ('151', 'fa fa-cog');
INSERT INTO `font_awsome` VALUES ('152', 'fa fa-cogs');
INSERT INTO `font_awsome` VALUES ('153', 'fa fa-comment');
INSERT INTO `font_awsome` VALUES ('154', 'fa fa-comment-o');
INSERT INTO `font_awsome` VALUES ('155', 'fa fa-commenting');
INSERT INTO `font_awsome` VALUES ('156', 'fa fa-commenting-o');
INSERT INTO `font_awsome` VALUES ('157', 'fa fa-comments');
INSERT INTO `font_awsome` VALUES ('158', 'fa fa-comments-o');
INSERT INTO `font_awsome` VALUES ('159', 'fa fa-compass');
INSERT INTO `font_awsome` VALUES ('160', 'fa fa-copyright');
INSERT INTO `font_awsome` VALUES ('161', 'fa fa-creative-commons');
INSERT INTO `font_awsome` VALUES ('162', 'fa fa-credit-card');
INSERT INTO `font_awsome` VALUES ('163', 'fa fa-credit-card-alt');
INSERT INTO `font_awsome` VALUES ('164', 'fa fa-crop');
INSERT INTO `font_awsome` VALUES ('165', 'fa fa-crosshairs');
INSERT INTO `font_awsome` VALUES ('166', 'fa fa-cube');
INSERT INTO `font_awsome` VALUES ('167', 'fa fa-cubes');
INSERT INTO `font_awsome` VALUES ('168', 'fa fa-cutlery');
INSERT INTO `font_awsome` VALUES ('169', 'fa fa-dashboard');
INSERT INTO `font_awsome` VALUES ('170', 'fa fa-database');
INSERT INTO `font_awsome` VALUES ('171', 'fa fa-deaf');
INSERT INTO `font_awsome` VALUES ('172', 'fa fa-deafness');
INSERT INTO `font_awsome` VALUES ('173', 'fa fa-desktop');
INSERT INTO `font_awsome` VALUES ('174', 'fa fa-diamond');
INSERT INTO `font_awsome` VALUES ('175', 'fa fa-dot-circle-o');
INSERT INTO `font_awsome` VALUES ('176', 'fa fa-download');
INSERT INTO `font_awsome` VALUES ('177', 'fa fa-edit');
INSERT INTO `font_awsome` VALUES ('178', 'fa fa-ellipsis-h');
INSERT INTO `font_awsome` VALUES ('179', 'fa fa-ellipsis-v');
INSERT INTO `font_awsome` VALUES ('180', 'fa fa-envelope');
INSERT INTO `font_awsome` VALUES ('181', 'fa fa-envelope-o');
INSERT INTO `font_awsome` VALUES ('182', 'fa fa-envelope-square');
INSERT INTO `font_awsome` VALUES ('183', 'fa fa-eraser');
INSERT INTO `font_awsome` VALUES ('184', 'fa fa-exchange');
INSERT INTO `font_awsome` VALUES ('185', 'fa fa-exclamation');
INSERT INTO `font_awsome` VALUES ('186', 'fa fa-exclamation-circle');
INSERT INTO `font_awsome` VALUES ('187', 'fa fa-exclamation-triangle');
INSERT INTO `font_awsome` VALUES ('188', 'fa fa-external-link');
INSERT INTO `font_awsome` VALUES ('189', 'fa fa-external-link-square');
INSERT INTO `font_awsome` VALUES ('190', 'fa fa-eye');
INSERT INTO `font_awsome` VALUES ('191', 'fa fa-eye-slash');
INSERT INTO `font_awsome` VALUES ('192', 'fa fa-eyedropper');
INSERT INTO `font_awsome` VALUES ('193', 'fa fa-fax');
INSERT INTO `font_awsome` VALUES ('194', 'fa fa-feed');
INSERT INTO `font_awsome` VALUES ('195', 'fa fa-female');
INSERT INTO `font_awsome` VALUES ('196', 'fa fa-fighter-jet');
INSERT INTO `font_awsome` VALUES ('197', 'fa fa-file-archive-o');
INSERT INTO `font_awsome` VALUES ('198', 'fa fa-file-audio-o');
INSERT INTO `font_awsome` VALUES ('199', 'fa fa-file-code-o');
INSERT INTO `font_awsome` VALUES ('200', 'fa fa-file-excel-o');
INSERT INTO `font_awsome` VALUES ('201', 'fa fa-file-image-o');
INSERT INTO `font_awsome` VALUES ('202', 'fa fa-file-movie-o');
INSERT INTO `font_awsome` VALUES ('203', 'fa fa-file-pdf-o');
INSERT INTO `font_awsome` VALUES ('204', 'fa fa-file-photo-o');
INSERT INTO `font_awsome` VALUES ('205', 'fa fa-file-picture-o');
INSERT INTO `font_awsome` VALUES ('206', 'fa fa-file-powerpoint-o');
INSERT INTO `font_awsome` VALUES ('207', 'fa fa-file-sound-o');
INSERT INTO `font_awsome` VALUES ('208', 'fa fa-file-video-o');
INSERT INTO `font_awsome` VALUES ('209', 'fa fa-file-word-o');
INSERT INTO `font_awsome` VALUES ('210', 'fa fa-file-zip-o');
INSERT INTO `font_awsome` VALUES ('211', 'fa fa-film');
INSERT INTO `font_awsome` VALUES ('212', 'fa fa-filter');
INSERT INTO `font_awsome` VALUES ('213', 'fa fa-fire');
INSERT INTO `font_awsome` VALUES ('214', 'fa fa-fire-extinguisher');
INSERT INTO `font_awsome` VALUES ('215', 'fa fa-flag');
INSERT INTO `font_awsome` VALUES ('216', 'fa fa-flag-checkered');
INSERT INTO `font_awsome` VALUES ('217', 'fa fa-flag-o');
INSERT INTO `font_awsome` VALUES ('218', 'fa fa-flash');
INSERT INTO `font_awsome` VALUES ('219', 'fa fa-flask');
INSERT INTO `font_awsome` VALUES ('220', 'fa fa-folder');
INSERT INTO `font_awsome` VALUES ('221', 'fa fa-folder-o');
INSERT INTO `font_awsome` VALUES ('222', 'fa fa-folder-open');
INSERT INTO `font_awsome` VALUES ('223', 'fa fa-folder-open-o');
INSERT INTO `font_awsome` VALUES ('224', 'fa fa-frown-o');
INSERT INTO `font_awsome` VALUES ('225', 'fa fa-futbol-o');
INSERT INTO `font_awsome` VALUES ('226', 'fa fa-gamepad');
INSERT INTO `font_awsome` VALUES ('227', 'fa fa-gavel');
INSERT INTO `font_awsome` VALUES ('228', 'fa fa-gear');
INSERT INTO `font_awsome` VALUES ('229', 'fa fa-gears');
INSERT INTO `font_awsome` VALUES ('230', 'fa fa-gift');
INSERT INTO `font_awsome` VALUES ('231', 'fa fa-glass');
INSERT INTO `font_awsome` VALUES ('232', 'fa fa-globe');
INSERT INTO `font_awsome` VALUES ('233', 'fa fa-graduation-cap');
INSERT INTO `font_awsome` VALUES ('234', 'fa fa-group');
INSERT INTO `font_awsome` VALUES ('235', 'fa fa-hand-grab-o');
INSERT INTO `font_awsome` VALUES ('236', 'fa fa-hand-lizard-o');
INSERT INTO `font_awsome` VALUES ('237', 'fa fa-hand-paper-o');
INSERT INTO `font_awsome` VALUES ('238', 'fa fa-hand-peace-o');
INSERT INTO `font_awsome` VALUES ('239', 'fa fa-hand-pointer-o');
INSERT INTO `font_awsome` VALUES ('240', 'fa fa-hand-rock-o');
INSERT INTO `font_awsome` VALUES ('241', 'fa fa-hand-scissors-o');
INSERT INTO `font_awsome` VALUES ('242', 'fa fa-hand-spock-o');
INSERT INTO `font_awsome` VALUES ('243', 'fa fa-hand-stop-o');
INSERT INTO `font_awsome` VALUES ('244', 'fa fa-hard-of-hearing');
INSERT INTO `font_awsome` VALUES ('245', 'fa fa-hashtag');
INSERT INTO `font_awsome` VALUES ('246', 'fa fa-hdd-o');
INSERT INTO `font_awsome` VALUES ('247', 'fa fa-headphones');
INSERT INTO `font_awsome` VALUES ('248', 'fa fa-heart');
INSERT INTO `font_awsome` VALUES ('249', 'fa fa-heart-o');
INSERT INTO `font_awsome` VALUES ('250', 'fa fa-heartbeat');
INSERT INTO `font_awsome` VALUES ('251', 'fa fa-history');
INSERT INTO `font_awsome` VALUES ('252', 'fa fa-home');
INSERT INTO `font_awsome` VALUES ('253', 'fa fa-hotel');
INSERT INTO `font_awsome` VALUES ('254', 'fa fa-hourglass');
INSERT INTO `font_awsome` VALUES ('255', 'fa fa-hourglass-1');
INSERT INTO `font_awsome` VALUES ('256', 'fa fa-hourglass-2');
INSERT INTO `font_awsome` VALUES ('257', 'fa fa-hourglass-3');
INSERT INTO `font_awsome` VALUES ('258', 'fa fa-hourglass-end');
INSERT INTO `font_awsome` VALUES ('259', 'fa fa-hourglass-half');
INSERT INTO `font_awsome` VALUES ('260', 'fa fa-hourglass-o');
INSERT INTO `font_awsome` VALUES ('261', 'fa fa-hourglass-start');
INSERT INTO `font_awsome` VALUES ('262', 'fa fa-i-cursor');
INSERT INTO `font_awsome` VALUES ('263', 'fa fa-image');
INSERT INTO `font_awsome` VALUES ('264', 'fa fa-inbox');
INSERT INTO `font_awsome` VALUES ('265', 'fa fa-industry');
INSERT INTO `font_awsome` VALUES ('266', 'fa fa-info');
INSERT INTO `font_awsome` VALUES ('267', 'fa fa-info-circle');
INSERT INTO `font_awsome` VALUES ('268', 'fa fa-institution');
INSERT INTO `font_awsome` VALUES ('269', 'fa fa-key');
INSERT INTO `font_awsome` VALUES ('270', 'fa fa-keyboard-o');
INSERT INTO `font_awsome` VALUES ('271', 'fa fa-language');
INSERT INTO `font_awsome` VALUES ('272', 'fa fa-laptop');
INSERT INTO `font_awsome` VALUES ('273', 'fa fa-leaf');
INSERT INTO `font_awsome` VALUES ('274', 'fa fa-legal');
INSERT INTO `font_awsome` VALUES ('275', 'fa fa-lemon-o');
INSERT INTO `font_awsome` VALUES ('276', 'fa fa-level-down');
INSERT INTO `font_awsome` VALUES ('277', 'fa fa-level-up');
INSERT INTO `font_awsome` VALUES ('278', 'fa fa-life-bouy');
INSERT INTO `font_awsome` VALUES ('279', 'fa fa-life-buoy');
INSERT INTO `font_awsome` VALUES ('280', 'fa fa-life-ring');
INSERT INTO `font_awsome` VALUES ('281', 'fa fa-life-saver');
INSERT INTO `font_awsome` VALUES ('282', 'fa fa-lightbulb-o');
INSERT INTO `font_awsome` VALUES ('283', 'fa fa-line-chart');
INSERT INTO `font_awsome` VALUES ('284', 'fa fa-location-arrow');
INSERT INTO `font_awsome` VALUES ('285', 'fa fa-lock');
INSERT INTO `font_awsome` VALUES ('286', 'fa fa-low-vision');
INSERT INTO `font_awsome` VALUES ('287', 'fa fa-magic');
INSERT INTO `font_awsome` VALUES ('288', 'fa fa-magnet');
INSERT INTO `font_awsome` VALUES ('289', 'fa fa-mail-forward');
INSERT INTO `font_awsome` VALUES ('290', 'fa fa-mail-reply');
INSERT INTO `font_awsome` VALUES ('291', 'fa fa-mail-reply-all');
INSERT INTO `font_awsome` VALUES ('292', 'fa fa-male');
INSERT INTO `font_awsome` VALUES ('293', 'fa fa-map');
INSERT INTO `font_awsome` VALUES ('294', 'fa fa-map-marker');
INSERT INTO `font_awsome` VALUES ('295', 'fa fa-map-o');
INSERT INTO `font_awsome` VALUES ('296', 'fa fa-map-pin');
INSERT INTO `font_awsome` VALUES ('297', 'fa fa-map-signs');
INSERT INTO `font_awsome` VALUES ('298', 'fa fa-meh-o');
INSERT INTO `font_awsome` VALUES ('299', 'fa fa-microphone');
INSERT INTO `font_awsome` VALUES ('300', 'fa fa-microphone-slash');
INSERT INTO `font_awsome` VALUES ('301', 'fa fa-minus');
INSERT INTO `font_awsome` VALUES ('302', 'fa fa-minus-circle');
INSERT INTO `font_awsome` VALUES ('303', 'fa fa-minus-square');
INSERT INTO `font_awsome` VALUES ('304', 'fa fa-minus-square-o');
INSERT INTO `font_awsome` VALUES ('305', 'fa fa-mobile');
INSERT INTO `font_awsome` VALUES ('306', 'fa fa-mobile-phone');
INSERT INTO `font_awsome` VALUES ('307', 'fa fa-money');
INSERT INTO `font_awsome` VALUES ('308', 'fa fa-moon-o');
INSERT INTO `font_awsome` VALUES ('309', 'fa fa-mortar-board');
INSERT INTO `font_awsome` VALUES ('310', 'fa fa-motorcycle');
INSERT INTO `font_awsome` VALUES ('311', 'fa fa-mouse-pointer');
INSERT INTO `font_awsome` VALUES ('312', 'fa fa-music');
INSERT INTO `font_awsome` VALUES ('313', 'fa fa-navicon');
INSERT INTO `font_awsome` VALUES ('314', 'fa fa-newspaper-o');
INSERT INTO `font_awsome` VALUES ('315', 'fa fa-object-group');
INSERT INTO `font_awsome` VALUES ('316', 'fa fa-object-ungroup');
INSERT INTO `font_awsome` VALUES ('317', 'fa fa-paint-brush');
INSERT INTO `font_awsome` VALUES ('318', 'fa fa-paper-plane');
INSERT INTO `font_awsome` VALUES ('319', 'fa fa-paper-plane-o');
INSERT INTO `font_awsome` VALUES ('320', 'fa fa-paw');
INSERT INTO `font_awsome` VALUES ('321', 'fa fa-pencil');
INSERT INTO `font_awsome` VALUES ('322', 'fa fa-pencil-square');
INSERT INTO `font_awsome` VALUES ('323', 'fa fa-pencil-square-o');
INSERT INTO `font_awsome` VALUES ('324', 'fa fa-percent');
INSERT INTO `font_awsome` VALUES ('325', 'fa fa-phone');
INSERT INTO `font_awsome` VALUES ('326', 'fa fa-phone-square');
INSERT INTO `font_awsome` VALUES ('327', 'fa fa-photo');
INSERT INTO `font_awsome` VALUES ('328', 'fa fa-picture-o');
INSERT INTO `font_awsome` VALUES ('329', 'fa fa-pie-chart');
INSERT INTO `font_awsome` VALUES ('330', 'fa fa-plane');
INSERT INTO `font_awsome` VALUES ('331', 'fa fa-plug');
INSERT INTO `font_awsome` VALUES ('332', 'fa fa-plus');
INSERT INTO `font_awsome` VALUES ('333', 'fa fa-plus-circle');
INSERT INTO `font_awsome` VALUES ('334', 'fa fa-plus-square');
INSERT INTO `font_awsome` VALUES ('335', 'fa fa-plus-square-o');
INSERT INTO `font_awsome` VALUES ('336', 'fa fa-power-off');
INSERT INTO `font_awsome` VALUES ('337', 'fa fa-print');
INSERT INTO `font_awsome` VALUES ('338', 'fa fa-puzzle-piece');
INSERT INTO `font_awsome` VALUES ('339', 'fa fa-qrcode');
INSERT INTO `font_awsome` VALUES ('340', 'fa fa-question');
INSERT INTO `font_awsome` VALUES ('341', 'fa fa-question-circle');
INSERT INTO `font_awsome` VALUES ('342', 'fa fa-question-circle-o');
INSERT INTO `font_awsome` VALUES ('343', 'fa fa-quote-left');
INSERT INTO `font_awsome` VALUES ('344', 'fa fa-quote-right');
INSERT INTO `font_awsome` VALUES ('345', 'fa fa-random');
INSERT INTO `font_awsome` VALUES ('346', 'fa fa-recycle');
INSERT INTO `font_awsome` VALUES ('347', 'fa fa-refresh');
INSERT INTO `font_awsome` VALUES ('348', 'fa fa-registered');
INSERT INTO `font_awsome` VALUES ('349', 'fa fa-remove');
INSERT INTO `font_awsome` VALUES ('350', 'fa fa-reorder');
INSERT INTO `font_awsome` VALUES ('351', 'fa fa-reply');
INSERT INTO `font_awsome` VALUES ('352', 'fa fa-reply-all');
INSERT INTO `font_awsome` VALUES ('353', 'fa fa-retweet');
INSERT INTO `font_awsome` VALUES ('354', 'fa fa-road');
INSERT INTO `font_awsome` VALUES ('355', 'fa fa-rocket');
INSERT INTO `font_awsome` VALUES ('356', 'fa fa-rss');
INSERT INTO `font_awsome` VALUES ('357', 'fa fa-rss-square');
INSERT INTO `font_awsome` VALUES ('358', 'fa fa-search');
INSERT INTO `font_awsome` VALUES ('359', 'fa fa-search-minus');
INSERT INTO `font_awsome` VALUES ('360', 'fa fa-search-plus');
INSERT INTO `font_awsome` VALUES ('361', 'fa fa-send');
INSERT INTO `font_awsome` VALUES ('362', 'fa fa-send-o');
INSERT INTO `font_awsome` VALUES ('363', 'fa fa-server');
INSERT INTO `font_awsome` VALUES ('364', 'fa fa-share');
INSERT INTO `font_awsome` VALUES ('365', 'fa fa-share-alt');
INSERT INTO `font_awsome` VALUES ('366', 'fa fa-share-alt-square');
INSERT INTO `font_awsome` VALUES ('367', 'fa fa-share-square');
INSERT INTO `font_awsome` VALUES ('368', 'fa fa-share-square-o');
INSERT INTO `font_awsome` VALUES ('369', 'fa fa-shield');
INSERT INTO `font_awsome` VALUES ('370', 'fa fa-ship');
INSERT INTO `font_awsome` VALUES ('371', 'fa fa-shopping-bag');
INSERT INTO `font_awsome` VALUES ('372', 'fa fa-shopping-basket');
INSERT INTO `font_awsome` VALUES ('373', 'fa fa-shopping-cart');
INSERT INTO `font_awsome` VALUES ('374', 'fa fa-sign-in');
INSERT INTO `font_awsome` VALUES ('375', 'fa fa-sign-language');
INSERT INTO `font_awsome` VALUES ('376', 'fa fa-sign-out');
INSERT INTO `font_awsome` VALUES ('377', 'fa fa-signal');
INSERT INTO `font_awsome` VALUES ('378', 'fa fa-signing');
INSERT INTO `font_awsome` VALUES ('379', 'fa fa-sitemap');
INSERT INTO `font_awsome` VALUES ('380', 'fa fa-sliders');
INSERT INTO `font_awsome` VALUES ('381', 'fa fa-smile-o');
INSERT INTO `font_awsome` VALUES ('382', 'fa fa-soccer-ball-o');
INSERT INTO `font_awsome` VALUES ('383', 'fa fa-sort');
INSERT INTO `font_awsome` VALUES ('384', 'fa fa-sort-alpha-asc');
INSERT INTO `font_awsome` VALUES ('385', 'fa fa-sort-alpha-desc');
INSERT INTO `font_awsome` VALUES ('386', 'fa fa-sort-amount-asc');
INSERT INTO `font_awsome` VALUES ('387', 'fa fa-sort-amount-desc');
INSERT INTO `font_awsome` VALUES ('388', 'fa fa-sort-asc');
INSERT INTO `font_awsome` VALUES ('389', 'fa fa-sort-desc');
INSERT INTO `font_awsome` VALUES ('390', 'fa fa-sort-down');
INSERT INTO `font_awsome` VALUES ('391', 'fa fa-sort-numeric-asc');
INSERT INTO `font_awsome` VALUES ('392', 'fa fa-sort-numeric-desc');
INSERT INTO `font_awsome` VALUES ('393', 'fa fa-sort-up');
INSERT INTO `font_awsome` VALUES ('394', 'fa fa-space-shuttle');
INSERT INTO `font_awsome` VALUES ('395', 'fa fa-spinner');
INSERT INTO `font_awsome` VALUES ('396', 'fa fa-spoon');
INSERT INTO `font_awsome` VALUES ('397', 'fa fa-square');
INSERT INTO `font_awsome` VALUES ('398', 'fa fa-square-o');
INSERT INTO `font_awsome` VALUES ('399', 'fa fa-star');
INSERT INTO `font_awsome` VALUES ('400', 'fa fa-star-half');
INSERT INTO `font_awsome` VALUES ('401', 'fa fa-star-half-empty');
INSERT INTO `font_awsome` VALUES ('402', 'fa fa-star-half-full');
INSERT INTO `font_awsome` VALUES ('403', 'fa fa-star-half-o');
INSERT INTO `font_awsome` VALUES ('404', 'fa fa-star-o');
INSERT INTO `font_awsome` VALUES ('405', 'fa fa-sticky-note');
INSERT INTO `font_awsome` VALUES ('406', 'fa fa-sticky-note-o');
INSERT INTO `font_awsome` VALUES ('407', 'fa fa-street-view');
INSERT INTO `font_awsome` VALUES ('408', 'fa fa-suitcase');
INSERT INTO `font_awsome` VALUES ('409', 'fa fa-sun-o');
INSERT INTO `font_awsome` VALUES ('410', 'fa fa-support');
INSERT INTO `font_awsome` VALUES ('411', 'fa fa-tablet');
INSERT INTO `font_awsome` VALUES ('412', 'fa fa-tachometer');
INSERT INTO `font_awsome` VALUES ('413', 'fa fa-tag');
INSERT INTO `font_awsome` VALUES ('414', 'fa fa-tags');
INSERT INTO `font_awsome` VALUES ('415', 'fa fa-tasks');
INSERT INTO `font_awsome` VALUES ('416', 'fa fa-taxi');
INSERT INTO `font_awsome` VALUES ('417', 'fa fa-television');
INSERT INTO `font_awsome` VALUES ('418', 'fa fa-terminal');
INSERT INTO `font_awsome` VALUES ('419', 'fa fa-thumb-tack');
INSERT INTO `font_awsome` VALUES ('420', 'fa fa-thumbs-down');
INSERT INTO `font_awsome` VALUES ('421', 'fa fa-thumbs-o-down');
INSERT INTO `font_awsome` VALUES ('422', 'fa fa-thumbs-o-up');
INSERT INTO `font_awsome` VALUES ('423', 'fa fa-thumbs-up');
INSERT INTO `font_awsome` VALUES ('424', 'fa fa-ticket');
INSERT INTO `font_awsome` VALUES ('425', 'fa fa-times');
INSERT INTO `font_awsome` VALUES ('426', 'fa fa-times-circle');
INSERT INTO `font_awsome` VALUES ('427', 'fa fa-times-circle-o');
INSERT INTO `font_awsome` VALUES ('428', 'fa fa-tint');
INSERT INTO `font_awsome` VALUES ('429', 'fa fa-toggle-down');
INSERT INTO `font_awsome` VALUES ('430', 'fa fa-toggle-left');
INSERT INTO `font_awsome` VALUES ('431', 'fa fa-toggle-off');
INSERT INTO `font_awsome` VALUES ('432', 'fa fa-toggle-on');
INSERT INTO `font_awsome` VALUES ('433', 'fa fa-toggle-right');
INSERT INTO `font_awsome` VALUES ('434', 'fa fa-toggle-up');
INSERT INTO `font_awsome` VALUES ('435', 'fa fa-trademark');
INSERT INTO `font_awsome` VALUES ('436', 'fa fa-trash');
INSERT INTO `font_awsome` VALUES ('437', 'fa fa-trash-o');
INSERT INTO `font_awsome` VALUES ('438', 'fa fa-tree');
INSERT INTO `font_awsome` VALUES ('439', 'fa fa-trophy');
INSERT INTO `font_awsome` VALUES ('440', 'fa fa-truck');
INSERT INTO `font_awsome` VALUES ('441', 'fa fa-tty');
INSERT INTO `font_awsome` VALUES ('442', 'fa fa-tv');
INSERT INTO `font_awsome` VALUES ('443', 'fa fa-umbrella');
INSERT INTO `font_awsome` VALUES ('444', 'fa fa-universal-access');
INSERT INTO `font_awsome` VALUES ('445', 'fa fa-university');
INSERT INTO `font_awsome` VALUES ('446', 'fa fa-unlock');
INSERT INTO `font_awsome` VALUES ('447', 'fa fa-unlock-alt');
INSERT INTO `font_awsome` VALUES ('448', 'fa fa-unsorted');
INSERT INTO `font_awsome` VALUES ('449', 'fa fa-upload');
INSERT INTO `font_awsome` VALUES ('450', 'fa fa-user');
INSERT INTO `font_awsome` VALUES ('451', 'fa fa-user-plus');
INSERT INTO `font_awsome` VALUES ('452', 'fa fa-user-secret');
INSERT INTO `font_awsome` VALUES ('453', 'fa fa-user-times');
INSERT INTO `font_awsome` VALUES ('454', 'fa fa-users');
INSERT INTO `font_awsome` VALUES ('455', 'fa fa-video-camera');
INSERT INTO `font_awsome` VALUES ('456', 'fa fa-volume-control-phone');
INSERT INTO `font_awsome` VALUES ('457', 'fa fa-volume-down');
INSERT INTO `font_awsome` VALUES ('458', 'fa fa-volume-off');
INSERT INTO `font_awsome` VALUES ('459', 'fa fa-volume-up');
INSERT INTO `font_awsome` VALUES ('460', 'fa fa-warning');
INSERT INTO `font_awsome` VALUES ('461', 'fa fa-wheelchair');
INSERT INTO `font_awsome` VALUES ('462', 'fa fa-wheelchair-alt');
INSERT INTO `font_awsome` VALUES ('463', 'fa fa-wifi');
INSERT INTO `font_awsome` VALUES ('464', 'fa fa-wrench');
INSERT INTO `font_awsome` VALUES ('465', 'fa fa-hand-o-down');
INSERT INTO `font_awsome` VALUES ('466', 'fa fa-hand-o-left');
INSERT INTO `font_awsome` VALUES ('467', 'fa fa-hand-o-right');
INSERT INTO `font_awsome` VALUES ('468', 'fa fa-hand-o-up');
INSERT INTO `font_awsome` VALUES ('469', 'fa fa-ambulance');
INSERT INTO `font_awsome` VALUES ('470', 'fa fa-subway');
INSERT INTO `font_awsome` VALUES ('471', 'fa fa-train');
INSERT INTO `font_awsome` VALUES ('472', 'fa fa-genderless');
INSERT INTO `font_awsome` VALUES ('473', 'fa fa-intersex');
INSERT INTO `font_awsome` VALUES ('474', 'fa fa-mars');
INSERT INTO `font_awsome` VALUES ('475', 'fa fa-mars-double');
INSERT INTO `font_awsome` VALUES ('476', 'fa fa-mars-stroke');
INSERT INTO `font_awsome` VALUES ('477', 'fa fa-mars-stroke-h');
INSERT INTO `font_awsome` VALUES ('478', 'fa fa-mars-stroke-v');
INSERT INTO `font_awsome` VALUES ('479', 'fa fa-mercury');
INSERT INTO `font_awsome` VALUES ('480', 'fa fa-neuter');
INSERT INTO `font_awsome` VALUES ('481', 'fa fa-transgender');
INSERT INTO `font_awsome` VALUES ('482', 'fa fa-transgender-alt');
INSERT INTO `font_awsome` VALUES ('483', 'fa fa-venus');
INSERT INTO `font_awsome` VALUES ('484', 'fa fa-venus-double');
INSERT INTO `font_awsome` VALUES ('485', 'fa fa-venus-mars');
INSERT INTO `font_awsome` VALUES ('486', 'fa fa-file');
INSERT INTO `font_awsome` VALUES ('487', 'fa fa-file-o');
INSERT INTO `font_awsome` VALUES ('488', 'fa fa-file-text');
INSERT INTO `font_awsome` VALUES ('489', 'fa fa-file-text-o');
INSERT INTO `font_awsome` VALUES ('490', 'fa fa-cc-amex');
INSERT INTO `font_awsome` VALUES ('491', 'fa fa-cc-diners-club');
INSERT INTO `font_awsome` VALUES ('492', 'fa fa-cc-discover');
INSERT INTO `font_awsome` VALUES ('493', 'fa fa-cc-jcb');
INSERT INTO `font_awsome` VALUES ('494', 'fa fa-cc-mastercard');
INSERT INTO `font_awsome` VALUES ('495', 'fa fa-cc-paypal');
INSERT INTO `font_awsome` VALUES ('496', 'fa fa-cc-stripe');
INSERT INTO `font_awsome` VALUES ('497', 'fa fa-cc-visa');
INSERT INTO `font_awsome` VALUES ('498', 'fa fa-google-wallet');
INSERT INTO `font_awsome` VALUES ('499', 'fa fa-paypal');
INSERT INTO `font_awsome` VALUES ('500', 'fa fa-bitcoin');
INSERT INTO `font_awsome` VALUES ('501', 'fa fa-btc');
INSERT INTO `font_awsome` VALUES ('502', 'fa fa-cny');
INSERT INTO `font_awsome` VALUES ('503', 'fa fa-dollar');
INSERT INTO `font_awsome` VALUES ('504', 'fa fa-eur');
INSERT INTO `font_awsome` VALUES ('505', 'fa fa-euro');
INSERT INTO `font_awsome` VALUES ('506', 'fa fa-gbp');
INSERT INTO `font_awsome` VALUES ('507', 'fa fa-gg');
INSERT INTO `font_awsome` VALUES ('508', 'fa fa-gg-circle');
INSERT INTO `font_awsome` VALUES ('509', 'fa fa-ils');
INSERT INTO `font_awsome` VALUES ('510', 'fa fa-inr');
INSERT INTO `font_awsome` VALUES ('511', 'fa fa-jpy');
INSERT INTO `font_awsome` VALUES ('512', 'fa fa-krw');
INSERT INTO `font_awsome` VALUES ('513', 'fa fa-rmb');
INSERT INTO `font_awsome` VALUES ('514', 'fa fa-rouble');
INSERT INTO `font_awsome` VALUES ('515', 'fa fa-rub');
INSERT INTO `font_awsome` VALUES ('516', 'fa fa-ruble');
INSERT INTO `font_awsome` VALUES ('517', 'fa fa-rupee');
INSERT INTO `font_awsome` VALUES ('518', 'fa fa-shekel');
INSERT INTO `font_awsome` VALUES ('519', 'fa fa-sheqel');
INSERT INTO `font_awsome` VALUES ('520', 'fa fa-try');
INSERT INTO `font_awsome` VALUES ('521', 'fa fa-turkish-lira');
INSERT INTO `font_awsome` VALUES ('522', 'fa fa-usd');
INSERT INTO `font_awsome` VALUES ('523', 'fa fa-viacoin');
INSERT INTO `font_awsome` VALUES ('524', 'fa fa-won');
INSERT INTO `font_awsome` VALUES ('525', 'fa fa-yen');
INSERT INTO `font_awsome` VALUES ('526', 'fa fa-align-center');
INSERT INTO `font_awsome` VALUES ('527', 'fa fa-align-justify');
INSERT INTO `font_awsome` VALUES ('528', 'fa fa-align-left');
INSERT INTO `font_awsome` VALUES ('529', 'fa fa-align-right');
INSERT INTO `font_awsome` VALUES ('530', 'fa fa-bold');
INSERT INTO `font_awsome` VALUES ('531', 'fa fa-chain');
INSERT INTO `font_awsome` VALUES ('532', 'fa fa-chain-broken');
INSERT INTO `font_awsome` VALUES ('533', 'fa fa-clipboard');
INSERT INTO `font_awsome` VALUES ('534', 'fa fa-columns');
INSERT INTO `font_awsome` VALUES ('535', 'fa fa-copy');
INSERT INTO `font_awsome` VALUES ('536', 'fa fa-cut');
INSERT INTO `font_awsome` VALUES ('537', 'fa fa-dedent');
INSERT INTO `font_awsome` VALUES ('538', 'fa fa-files-o');
INSERT INTO `font_awsome` VALUES ('539', 'fa fa-floppy-o');
INSERT INTO `font_awsome` VALUES ('540', 'fa fa-font');
INSERT INTO `font_awsome` VALUES ('541', 'fa fa-header');
INSERT INTO `font_awsome` VALUES ('542', 'fa fa-indent');
INSERT INTO `font_awsome` VALUES ('543', 'fa fa-italic');
INSERT INTO `font_awsome` VALUES ('544', 'fa fa-link');
INSERT INTO `font_awsome` VALUES ('545', 'fa fa-list');
INSERT INTO `font_awsome` VALUES ('546', 'fa fa-list-alt');
INSERT INTO `font_awsome` VALUES ('547', 'fa fa-list-ol');
INSERT INTO `font_awsome` VALUES ('548', 'fa fa-list-ul');
INSERT INTO `font_awsome` VALUES ('549', 'fa fa-outdent');
INSERT INTO `font_awsome` VALUES ('550', 'fa fa-paperclip');
INSERT INTO `font_awsome` VALUES ('551', 'fa fa-paragraph');
INSERT INTO `font_awsome` VALUES ('552', 'fa fa-paste');
INSERT INTO `font_awsome` VALUES ('553', 'fa fa-repeat');
INSERT INTO `font_awsome` VALUES ('554', 'fa fa-rotate-left');
INSERT INTO `font_awsome` VALUES ('555', 'fa fa-rotate-right');
INSERT INTO `font_awsome` VALUES ('556', 'fa fa-save');
INSERT INTO `font_awsome` VALUES ('557', 'fa fa-scissors');
INSERT INTO `font_awsome` VALUES ('558', 'fa fa-strikethrough');
INSERT INTO `font_awsome` VALUES ('559', 'fa fa-subscript');
INSERT INTO `font_awsome` VALUES ('560', 'fa fa-superscript');
INSERT INTO `font_awsome` VALUES ('561', 'fa fa-table');
INSERT INTO `font_awsome` VALUES ('562', 'fa fa-text-height');
INSERT INTO `font_awsome` VALUES ('563', 'fa fa-text-width');
INSERT INTO `font_awsome` VALUES ('564', 'fa fa-th');
INSERT INTO `font_awsome` VALUES ('565', 'fa fa-th-large');
INSERT INTO `font_awsome` VALUES ('566', 'fa fa-th-list');
INSERT INTO `font_awsome` VALUES ('567', 'fa fa-underline');
INSERT INTO `font_awsome` VALUES ('568', 'fa fa-undo');
INSERT INTO `font_awsome` VALUES ('569', 'fa fa-unlink');
INSERT INTO `font_awsome` VALUES ('570', 'fa fa-angle-double-down');
INSERT INTO `font_awsome` VALUES ('571', 'fa fa-angle-double-left');
INSERT INTO `font_awsome` VALUES ('572', 'fa fa-angle-double-right');
INSERT INTO `font_awsome` VALUES ('573', 'fa fa-angle-double-up');
INSERT INTO `font_awsome` VALUES ('574', 'fa fa-angle-down');
INSERT INTO `font_awsome` VALUES ('575', 'fa fa-angle-left');
INSERT INTO `font_awsome` VALUES ('576', 'fa fa-angle-right');
INSERT INTO `font_awsome` VALUES ('577', 'fa fa-angle-up');
INSERT INTO `font_awsome` VALUES ('578', 'fa fa-arrow-circle-down');
INSERT INTO `font_awsome` VALUES ('579', 'fa fa-arrow-circle-left');
INSERT INTO `font_awsome` VALUES ('580', 'fa fa-arrow-circle-o-down');
INSERT INTO `font_awsome` VALUES ('581', 'fa fa-arrow-circle-o-left');
INSERT INTO `font_awsome` VALUES ('582', 'fa fa-arrow-circle-o-right');
INSERT INTO `font_awsome` VALUES ('583', 'fa fa-arrow-circle-o-up');
INSERT INTO `font_awsome` VALUES ('584', 'fa fa-arrow-circle-right');
INSERT INTO `font_awsome` VALUES ('585', 'fa fa-arrow-circle-up');
INSERT INTO `font_awsome` VALUES ('586', 'fa fa-arrow-down');
INSERT INTO `font_awsome` VALUES ('587', 'fa fa-arrow-left');
INSERT INTO `font_awsome` VALUES ('588', 'fa fa-arrow-right');
INSERT INTO `font_awsome` VALUES ('589', 'fa fa-arrow-up');
INSERT INTO `font_awsome` VALUES ('590', 'fa fa-arrows-alt');
INSERT INTO `font_awsome` VALUES ('591', 'fa fa-caret-down');
INSERT INTO `font_awsome` VALUES ('592', 'fa fa-caret-left');
INSERT INTO `font_awsome` VALUES ('593', 'fa fa-caret-right');
INSERT INTO `font_awsome` VALUES ('594', 'fa fa-caret-up');
INSERT INTO `font_awsome` VALUES ('595', 'fa fa-chevron-circle-down');
INSERT INTO `font_awsome` VALUES ('596', 'fa fa-chevron-circle-left');
INSERT INTO `font_awsome` VALUES ('597', 'fa fa-chevron-circle-right');
INSERT INTO `font_awsome` VALUES ('598', 'fa fa-chevron-circle-up');
INSERT INTO `font_awsome` VALUES ('599', 'fa fa-chevron-down');
INSERT INTO `font_awsome` VALUES ('600', 'fa fa-chevron-left');
INSERT INTO `font_awsome` VALUES ('601', 'fa fa-chevron-right');
INSERT INTO `font_awsome` VALUES ('602', 'fa fa-chevron-up');
INSERT INTO `font_awsome` VALUES ('603', 'fa fa-long-arrow-down');
INSERT INTO `font_awsome` VALUES ('604', 'fa fa-long-arrow-left');
INSERT INTO `font_awsome` VALUES ('605', 'fa fa-long-arrow-right');
INSERT INTO `font_awsome` VALUES ('606', 'fa fa-long-arrow-up');
INSERT INTO `font_awsome` VALUES ('607', 'fa fa-backward');
INSERT INTO `font_awsome` VALUES ('608', 'fa fa-compress');
INSERT INTO `font_awsome` VALUES ('609', 'fa fa-eject');
INSERT INTO `font_awsome` VALUES ('610', 'fa fa-expand');
INSERT INTO `font_awsome` VALUES ('611', 'fa fa-fast-backward');
INSERT INTO `font_awsome` VALUES ('612', 'fa fa-fast-forward');
INSERT INTO `font_awsome` VALUES ('613', 'fa fa-forward');
INSERT INTO `font_awsome` VALUES ('614', 'fa fa-pause');
INSERT INTO `font_awsome` VALUES ('615', 'fa fa-pause-circle');
INSERT INTO `font_awsome` VALUES ('616', 'fa fa-pause-circle-o');
INSERT INTO `font_awsome` VALUES ('617', 'fa fa-play');
INSERT INTO `font_awsome` VALUES ('618', 'fa fa-play-circle');
INSERT INTO `font_awsome` VALUES ('619', 'fa fa-play-circle-o');
INSERT INTO `font_awsome` VALUES ('620', 'fa fa-step-backward');
INSERT INTO `font_awsome` VALUES ('621', 'fa fa-step-forward');
INSERT INTO `font_awsome` VALUES ('622', 'fa fa-stop');
INSERT INTO `font_awsome` VALUES ('623', 'fa fa-stop-circle');
INSERT INTO `font_awsome` VALUES ('624', 'fa fa-stop-circle-o');
INSERT INTO `font_awsome` VALUES ('625', 'fa fa-youtube-play');
INSERT INTO `font_awsome` VALUES ('626', 'fa fa-500px');
INSERT INTO `font_awsome` VALUES ('627', 'fa fa-adn');
INSERT INTO `font_awsome` VALUES ('628', 'fa fa-amazon');
INSERT INTO `font_awsome` VALUES ('629', 'fa fa-android');
INSERT INTO `font_awsome` VALUES ('630', 'fa fa-angellist');
INSERT INTO `font_awsome` VALUES ('631', 'fa fa-apple');
INSERT INTO `font_awsome` VALUES ('632', 'fa fa-behance');
INSERT INTO `font_awsome` VALUES ('633', 'fa fa-behance-square');
INSERT INTO `font_awsome` VALUES ('634', 'fa fa-bitbucket');
INSERT INTO `font_awsome` VALUES ('635', 'fa fa-bitbucket-square');
INSERT INTO `font_awsome` VALUES ('636', 'fa fa-black-tie');
INSERT INTO `font_awsome` VALUES ('637', 'fa fa-buysellads');
INSERT INTO `font_awsome` VALUES ('638', 'fa fa-chrome');
INSERT INTO `font_awsome` VALUES ('639', 'fa fa-codepen');
INSERT INTO `font_awsome` VALUES ('640', 'fa fa-codiepie');
INSERT INTO `font_awsome` VALUES ('641', 'fa fa-connectdevelop');
INSERT INTO `font_awsome` VALUES ('642', 'fa fa-contao');
INSERT INTO `font_awsome` VALUES ('643', 'fa fa-css3');
INSERT INTO `font_awsome` VALUES ('644', 'fa fa-dashcube');
INSERT INTO `font_awsome` VALUES ('645', 'fa fa-delicious');
INSERT INTO `font_awsome` VALUES ('646', 'fa fa-deviantart');
INSERT INTO `font_awsome` VALUES ('647', 'fa fa-digg');
INSERT INTO `font_awsome` VALUES ('648', 'fa fa-dribbble');
INSERT INTO `font_awsome` VALUES ('649', 'fa fa-dropbox');
INSERT INTO `font_awsome` VALUES ('650', 'fa fa-drupal');
INSERT INTO `font_awsome` VALUES ('651', 'fa fa-edge');
INSERT INTO `font_awsome` VALUES ('652', 'fa fa-empire');
INSERT INTO `font_awsome` VALUES ('653', 'fa fa-envira');
INSERT INTO `font_awsome` VALUES ('654', 'fa fa-expeditedssl');
INSERT INTO `font_awsome` VALUES ('655', 'fa fa-fa');
INSERT INTO `font_awsome` VALUES ('656', 'fa fa-facebook');
INSERT INTO `font_awsome` VALUES ('657', 'fa fa-facebook-f');
INSERT INTO `font_awsome` VALUES ('658', 'fa fa-facebook-official');
INSERT INTO `font_awsome` VALUES ('659', 'fa fa-facebook-square');
INSERT INTO `font_awsome` VALUES ('660', 'fa fa-firefox');
INSERT INTO `font_awsome` VALUES ('661', 'fa fa-first-order');
INSERT INTO `font_awsome` VALUES ('662', 'fa fa-flickr');
INSERT INTO `font_awsome` VALUES ('663', 'fa fa-font-awesome');
INSERT INTO `font_awsome` VALUES ('664', 'fa fa-fonticons');
INSERT INTO `font_awsome` VALUES ('665', 'fa fa-fort-awesome');
INSERT INTO `font_awsome` VALUES ('666', 'fa fa-forumbee');
INSERT INTO `font_awsome` VALUES ('667', 'fa fa-foursquare');
INSERT INTO `font_awsome` VALUES ('668', 'fa fa-ge');
INSERT INTO `font_awsome` VALUES ('669', 'fa fa-get-pocket');
INSERT INTO `font_awsome` VALUES ('670', 'fa fa-git');
INSERT INTO `font_awsome` VALUES ('671', 'fa fa-git-square');
INSERT INTO `font_awsome` VALUES ('672', 'fa fa-github');
INSERT INTO `font_awsome` VALUES ('673', 'fa fa-github-alt');
INSERT INTO `font_awsome` VALUES ('674', 'fa fa-github-square');
INSERT INTO `font_awsome` VALUES ('675', 'fa fa-gitlab');
INSERT INTO `font_awsome` VALUES ('676', 'fa fa-gittip');
INSERT INTO `font_awsome` VALUES ('677', 'fa fa-glide');
INSERT INTO `font_awsome` VALUES ('678', 'fa fa-glide-g');
INSERT INTO `font_awsome` VALUES ('679', 'fa fa-google');
INSERT INTO `font_awsome` VALUES ('680', 'fa fa-google-plus');
INSERT INTO `font_awsome` VALUES ('681', 'fa fa-google-plus-circle');
INSERT INTO `font_awsome` VALUES ('682', 'fa fa-google-plus-official');
INSERT INTO `font_awsome` VALUES ('683', 'fa fa-google-plus-square');
INSERT INTO `font_awsome` VALUES ('684', 'fa fa-gratipay');
INSERT INTO `font_awsome` VALUES ('685', 'fa fa-hacker-news');
INSERT INTO `font_awsome` VALUES ('686', 'fa fa-houzz');
INSERT INTO `font_awsome` VALUES ('687', 'fa fa-html5');
INSERT INTO `font_awsome` VALUES ('688', 'fa fa-instagram');
INSERT INTO `font_awsome` VALUES ('689', 'fa fa-internet-explorer');
INSERT INTO `font_awsome` VALUES ('690', 'fa fa-ioxhost');
INSERT INTO `font_awsome` VALUES ('691', 'fa fa-joomla');
INSERT INTO `font_awsome` VALUES ('692', 'fa fa-jsfiddle');
INSERT INTO `font_awsome` VALUES ('693', 'fa fa-lastfm');
INSERT INTO `font_awsome` VALUES ('694', 'fa fa-lastfm-square');
INSERT INTO `font_awsome` VALUES ('695', 'fa fa-leanpub');
INSERT INTO `font_awsome` VALUES ('696', 'fa fa-linkedin');
INSERT INTO `font_awsome` VALUES ('697', 'fa fa-linkedin-square');
INSERT INTO `font_awsome` VALUES ('698', 'fa fa-linux');
INSERT INTO `font_awsome` VALUES ('699', 'fa fa-maxcdn');
INSERT INTO `font_awsome` VALUES ('700', 'fa fa-meanpath');
INSERT INTO `font_awsome` VALUES ('701', 'fa fa-medium');
INSERT INTO `font_awsome` VALUES ('702', 'fa fa-mixcloud');
INSERT INTO `font_awsome` VALUES ('703', 'fa fa-modx');
INSERT INTO `font_awsome` VALUES ('704', 'fa fa-odnoklassniki');
INSERT INTO `font_awsome` VALUES ('705', 'fa fa-odnoklassniki-square');
INSERT INTO `font_awsome` VALUES ('706', 'fa fa-opencart');
INSERT INTO `font_awsome` VALUES ('707', 'fa fa-openid');
INSERT INTO `font_awsome` VALUES ('708', 'fa fa-opera');
INSERT INTO `font_awsome` VALUES ('709', 'fa fa-optin-monster');
INSERT INTO `font_awsome` VALUES ('710', 'fa fa-pagelines');
INSERT INTO `font_awsome` VALUES ('711', 'fa fa-pied-piper');
INSERT INTO `font_awsome` VALUES ('712', 'fa fa-pied-piper-alt');
INSERT INTO `font_awsome` VALUES ('713', 'fa fa-pied-piper-pp');
INSERT INTO `font_awsome` VALUES ('714', 'fa fa-pinterest');
INSERT INTO `font_awsome` VALUES ('715', 'fa fa-pinterest-p');
INSERT INTO `font_awsome` VALUES ('716', 'fa fa-pinterest-square');
INSERT INTO `font_awsome` VALUES ('717', 'fa fa-product-hunt');
INSERT INTO `font_awsome` VALUES ('718', 'fa fa-qq');
INSERT INTO `font_awsome` VALUES ('719', 'fa fa-ra');
INSERT INTO `font_awsome` VALUES ('720', 'fa fa-rebel');
INSERT INTO `font_awsome` VALUES ('721', 'fa fa-reddit');
INSERT INTO `font_awsome` VALUES ('722', 'fa fa-reddit-alien');
INSERT INTO `font_awsome` VALUES ('723', 'fa fa-reddit-square');
INSERT INTO `font_awsome` VALUES ('724', 'fa fa-renren');
INSERT INTO `font_awsome` VALUES ('725', 'fa fa-resistance');
INSERT INTO `font_awsome` VALUES ('726', 'fa fa-safari');
INSERT INTO `font_awsome` VALUES ('727', 'fa fa-scribd');
INSERT INTO `font_awsome` VALUES ('728', 'fa fa-sellsy');
INSERT INTO `font_awsome` VALUES ('729', 'fa fa-shirtsinbulk');
INSERT INTO `font_awsome` VALUES ('730', 'fa fa-simplybuilt');
INSERT INTO `font_awsome` VALUES ('731', 'fa fa-skyatlas');
INSERT INTO `font_awsome` VALUES ('732', 'fa fa-skype');
INSERT INTO `font_awsome` VALUES ('733', 'fa fa-slack');
INSERT INTO `font_awsome` VALUES ('734', 'fa fa-slideshare');
INSERT INTO `font_awsome` VALUES ('735', 'fa fa-snapchat');
INSERT INTO `font_awsome` VALUES ('736', 'fa fa-snapchat-ghost');
INSERT INTO `font_awsome` VALUES ('737', 'fa fa-snapchat-square');
INSERT INTO `font_awsome` VALUES ('738', 'fa fa-soundcloud');
INSERT INTO `font_awsome` VALUES ('739', 'fa fa-spotify');
INSERT INTO `font_awsome` VALUES ('740', 'fa fa-stack-exchange');
INSERT INTO `font_awsome` VALUES ('741', 'fa fa-stack-overflow');
INSERT INTO `font_awsome` VALUES ('742', 'fa fa-steam');
INSERT INTO `font_awsome` VALUES ('743', 'fa fa-steam-square');
INSERT INTO `font_awsome` VALUES ('744', 'fa fa-stumbleupon');
INSERT INTO `font_awsome` VALUES ('745', 'fa fa-stumbleupon-circle');
INSERT INTO `font_awsome` VALUES ('746', 'fa fa-tencent-weibo');
INSERT INTO `font_awsome` VALUES ('747', 'fa fa-themeisle');
INSERT INTO `font_awsome` VALUES ('748', 'fa fa-trello');
INSERT INTO `font_awsome` VALUES ('749', 'fa fa-tripadvisor');
INSERT INTO `font_awsome` VALUES ('750', 'fa fa-tumblr');
INSERT INTO `font_awsome` VALUES ('751', 'fa fa-tumblr-square');
INSERT INTO `font_awsome` VALUES ('752', 'fa fa-twitch');
INSERT INTO `font_awsome` VALUES ('753', 'fa fa-twitter');
INSERT INTO `font_awsome` VALUES ('754', 'fa fa-twitter-square');
INSERT INTO `font_awsome` VALUES ('755', 'fa fa-usb');
INSERT INTO `font_awsome` VALUES ('756', 'fa fa-viadeo');
INSERT INTO `font_awsome` VALUES ('757', 'fa fa-viadeo-square');
INSERT INTO `font_awsome` VALUES ('758', 'fa fa-vimeo');
INSERT INTO `font_awsome` VALUES ('759', 'fa fa-vimeo-square');
INSERT INTO `font_awsome` VALUES ('760', 'fa fa-vine');
INSERT INTO `font_awsome` VALUES ('761', 'fa fa-vk');
INSERT INTO `font_awsome` VALUES ('762', 'fa fa-wechat');
INSERT INTO `font_awsome` VALUES ('763', 'fa fa-weibo');
INSERT INTO `font_awsome` VALUES ('764', 'fa fa-weixin');
INSERT INTO `font_awsome` VALUES ('765', 'fa fa-whatsapp');
INSERT INTO `font_awsome` VALUES ('766', 'fa fa-wikipedia-w');
INSERT INTO `font_awsome` VALUES ('767', 'fa fa-windows');
INSERT INTO `font_awsome` VALUES ('768', 'fa fa-wordpress');
INSERT INTO `font_awsome` VALUES ('769', 'fa fa-wpbeginner');
INSERT INTO `font_awsome` VALUES ('770', 'fa fa-wpforms');
INSERT INTO `font_awsome` VALUES ('771', 'fa fa-xing');
INSERT INTO `font_awsome` VALUES ('772', 'fa fa-xing-square');
INSERT INTO `font_awsome` VALUES ('773', 'fa fa-y-combinator');
INSERT INTO `font_awsome` VALUES ('774', 'fa fa-y-combinator-square');
INSERT INTO `font_awsome` VALUES ('775', 'fa fa-yahoo');
INSERT INTO `font_awsome` VALUES ('776', 'fa fa-yc');
INSERT INTO `font_awsome` VALUES ('777', 'fa fa-yc-square');
INSERT INTO `font_awsome` VALUES ('778', 'fa fa-yelp');
INSERT INTO `font_awsome` VALUES ('779', 'fa fa-yoast');
INSERT INTO `font_awsome` VALUES ('780', 'fa fa-youtube');
INSERT INTO `font_awsome` VALUES ('781', 'fa fa-youtube-square');
INSERT INTO `font_awsome` VALUES ('782', 'fa fa-h-square');
INSERT INTO `font_awsome` VALUES ('783', 'fa fa-hospital-o');
INSERT INTO `font_awsome` VALUES ('784', 'fa fa-medkit');
INSERT INTO `font_awsome` VALUES ('785', 'fa fa-stethoscope');
INSERT INTO `font_awsome` VALUES ('786', 'fa fa-user-md');

-- ----------------------------
-- Table structure for `gendata`
-- ----------------------------
DROP TABLE IF EXISTS `gendata`;
CREATE TABLE `gendata` (
  `table_name` varchar(30) NOT NULL,
  `table_id` int(11) NOT NULL
) ENGINE=InnoDB DEFAULT CHARSET=utf8;

-- ----------------------------
-- Table structure for `log_details`
-- ----------------------------
DROP TABLE IF EXISTS `log_details`;
CREATE TABLE `log_details` (
  `id` int(9) NOT NULL AUTO_INCREMENT,
  `log_id` varchar(80) NOT NULL,
  `field_name` varchar(80) DEFAULT NULL,
  `previous_data` text DEFAULT NULL,
  `current_data` text DEFAULT NULL,
  `field_alias` varchar(80) DEFAULT NULL,
  PRIMARY KEY (`id`)
) ENGINE=InnoDB AUTO_INCREMENT=44 DEFAULT CHARSET=utf8;

-- ----------------------------
-- Table structure for `log_table`
-- ----------------------------
DROP TABLE IF EXISTS `log_table`;
CREATE TABLE `log_table` (
  `id` int(9) NOT NULL AUTO_INCREMENT,
  `username` varchar(80) NOT NULL,
  `table_name` varchar(150) NOT NULL,
  `table_id` varchar(80) NOT NULL,
  `table_alias` varchar(150) NOT NULL,
  `created` datetime NOT NULL,
  PRIMARY KEY (`id`)
) ENGINE=InnoDB AUTO_INCREMENT=39 DEFAULT CHARSET=utf8;

-- ----------------------------
-- Table structure for `menu`
-- ----------------------------
DROP TABLE IF EXISTS `menu`;
CREATE TABLE `menu` (
  `menu_id` varchar(5) NOT NULL,
  `menu_name` varchar(50) NOT NULL,
  `menu_url` varchar(60) DEFAULT '',
  `parent_id` varchar(5) DEFAULT '#',
  `parent_id2` varchar(5) NOT NULL DEFAULT ' ',
  `menu_level` char(1) DEFAULT '0',
  `created` datetime NOT NULL,
  `menu_order` int(3) NOT NULL DEFAULT 0,
  `status` int(1) DEFAULT 0,
  `icon` varchar(20) DEFAULT NULL,
  PRIMARY KEY (`menu_id`)
) ENGINE=InnoDB DEFAULT CHARSET=utf8;

-- ----------------------------
-- Records of menu
-- ----------------------------
INSERT INTO `menu` VALUES ('004', 'Adminstrative Tool', '#', '#', ' ', '0', '0000-00-00 00:00:00', '0', '0', '');
INSERT INTO `menu` VALUES ('006', 'Role', 'role_list.php', '004', ' ', '1', '2018-02-15 14:55:23', '0', '0', null);
INSERT INTO `menu` VALUES ('007', 'Menu', 'menu_list.php', '004', ' ', '1', '2018-02-22 14:56:12', '0', '0', null);
INSERT INTO `menu` VALUES ('008', 'Setups', '#', '#', ' ', '0', '2018-01-27 15:31:54', '1', '1', 'fa fa-cogs');
INSERT INTO `menu` VALUES ('009', 'Menu Grouping', 'setup/menu_group.php', '004', ' ', '1', '2018-02-22 14:57:19', '0', '0', '');
INSERT INTO `menu` VALUES ('017', 'Change Password', 'change_password.php', '008', ' ', '1', '2018-04-10 14:34:40', '0', '0', null);
INSERT INTO `menu` VALUES ('028', 'Users', 'user_list.php', '004', ' ', '1', '2018-10-21 23:44:22', '0', '0', null);
INSERT INTO `menu` VALUES ('147', 'Side-Number List', 'sidenumber_list.php', '160', '', '', '2022-06-20 10:04:55', '0', '0', '');
INSERT INTO `menu` VALUES ('148', 'Vehicle Type', 'vehicle_type.php', '008', '', '1', '2022-06-28 09:55:26', '0', '0', '');
INSERT INTO `menu` VALUES ('151', 'Offence', '#', '#', '', '0', '2022-07-05 11:59:34', '0', '0', '');
INSERT INTO `menu` VALUES ('160', 'Side Number', '#', '#', '', '0', '2022-07-05 14:09:09', '0', '0', '');
INSERT INTO `menu` VALUES ('162', 'Driving School', 'driving_school_list.php', '165', '', '1', '2022-07-13 11:43:51', '0', '0', 'fa fa-car');
INSERT INTO `menu` VALUES ('165', 'Special Trade', '#', '#', '', '0', '2022-10-25 09:03:20', '0', '0', 'fa fa-address-book');
INSERT INTO `menu` VALUES ('166', 'Mechanic Garrage', 'mech_list.php', '165', '', '1', '2022-10-25 09:12:14', '0', '0', 'fa fa-road');
INSERT INTO `menu` VALUES ('167', 'Spare Parts Dealers', 'spare_list.php', '165', '', '1', '2022-10-25 09:15:25', '0', '0', 'fa fa-plug');
INSERT INTO `menu` VALUES ('169', 'Transport Companies', 'tcp_list.php', '165', '', '1', '2022-10-25 09:16:53', '0', '0', 'fa fa-car');
INSERT INTO `menu` VALUES ('170', 'Transport Union', 'trans_union_list.php', '165', '', '1', '2022-10-25 09:18:12', '0', '0', 'fa fa-cab');
INSERT INTO `menu` VALUES ('171', 'Offence Report', 'offences_list.php', '151', '', '1', '2022-10-28 10:01:25', '0', '0', '');
INSERT INTO `menu` VALUES ('172', 'Report', '#', '#', '', '0', '2022-11-30 07:50:17', '0', '0', 'fa fa-500px');
INSERT INTO `menu` VALUES ('173', 'Side-Number Report', 'sidenumber_report.php', '172', '', '1', '2022-11-30 07:51:00', '0', '0', 'fa fa-500px');
INSERT INTO `menu` VALUES ('175', 'Operations Report', 'operations_report.php', '172', '', '1', '2022-11-30 08:28:54', '0', '0', '');
INSERT INTO `menu` VALUES ('176', 'Dealership', 'dealership_list.php', '165', '', '1', '2022-12-06 15:10:48', '0', '0', '');
INSERT INTO `menu` VALUES ('177', 'Offence List', 'offences_list.php', '151', '', '1', '2023-01-12 15:34:45', '0', '0', '');

-- ----------------------------
-- Table structure for `menugroup`
-- ----------------------------
DROP TABLE IF EXISTS `menugroup`;
CREATE TABLE `menugroup` (
  `role_id` varchar(5) NOT NULL,
  `menu_id` varchar(5) NOT NULL,
  PRIMARY KEY (`role_id`,`menu_id`)
) ENGINE=InnoDB DEFAULT CHARSET=utf8 COMMENT='InnoDB free: 6144 kB; InnoDB free: 6144 kB; InnoDB free: 614';

-- ----------------------------
-- Records of menugroup
-- ----------------------------
INSERT INTO `menugroup` VALUES ('001', '004');
INSERT INTO `menugroup` VALUES ('001', '006');
INSERT INTO `menugroup` VALUES ('001', '007');
INSERT INTO `menugroup` VALUES ('001', '008');
INSERT INTO `menugroup` VALUES ('001', '009');
INSERT INTO `menugroup` VALUES ('001', '017');
INSERT INTO `menugroup` VALUES ('001', '028');
INSERT INTO `menugroup` VALUES ('001', '147');
INSERT INTO `menugroup` VALUES ('001', '148');
INSERT INTO `menugroup` VALUES ('001', '151');
INSERT INTO `menugroup` VALUES ('001', '160');
INSERT INTO `menugroup` VALUES ('001', '162');
INSERT INTO `menugroup` VALUES ('001', '165');
INSERT INTO `menugroup` VALUES ('001', '166');
INSERT INTO `menugroup` VALUES ('001', '167');
INSERT INTO `menugroup` VALUES ('001', '169');
INSERT INTO `menugroup` VALUES ('001', '171');
INSERT INTO `menugroup` VALUES ('001', '172');
INSERT INTO `menugroup` VALUES ('001', '173');
INSERT INTO `menugroup` VALUES ('001', '174');
INSERT INTO `menugroup` VALUES ('001', '175');
INSERT INTO `menugroup` VALUES ('001', '176');
INSERT INTO `menugroup` VALUES ('002', '004');
INSERT INTO `menugroup` VALUES ('002', '007');
INSERT INTO `menugroup` VALUES ('002', '008');
INSERT INTO `menugroup` VALUES ('002', '009');
INSERT INTO `menugroup` VALUES ('002', '017');
INSERT INTO `menugroup` VALUES ('002', '147');
INSERT INTO `menugroup` VALUES ('002', '151');
INSERT INTO `menugroup` VALUES ('002', '160');
INSERT INTO `menugroup` VALUES ('002', '162');
INSERT INTO `menugroup` VALUES ('002', '165');
INSERT INTO `menugroup` VALUES ('002', '166');
INSERT INTO `menugroup` VALUES ('002', '167');
INSERT INTO `menugroup` VALUES ('002', '169');
INSERT INTO `menugroup` VALUES ('002', '171');
INSERT INTO `menugroup` VALUES ('002', '172');
INSERT INTO `menugroup` VALUES ('002', '173');
INSERT INTO `menugroup` VALUES ('002', '175');
INSERT INTO `menugroup` VALUES ('002', '176');
INSERT INTO `menugroup` VALUES ('003', '004');
INSERT INTO `menugroup` VALUES ('003', '008');
INSERT INTO `menugroup` VALUES ('003', '017');
INSERT INTO `menugroup` VALUES ('003', '147');
INSERT INTO `menugroup` VALUES ('003', '151');
INSERT INTO `menugroup` VALUES ('003', '154');
INSERT INTO `menugroup` VALUES ('007', '004');
INSERT INTO `menugroup` VALUES ('007', '008');
INSERT INTO `menugroup` VALUES ('007', '017');
INSERT INTO `menugroup` VALUES ('007', '147');


-- ----------------------------
-- Table structure for `parameter`
-- ----------------------------
DROP TABLE IF EXISTS `parameter`;
CREATE TABLE `parameter` (
  `parameter_name` varchar(50) DEFAULT NULL,
  `parameter_value` text DEFAULT NULL,
  `privilege_flag` char(1) DEFAULT NULL,
  `parameter_description` varchar(150) DEFAULT NULL,
  `created` datetime DEFAULT NULL
) ENGINE=InnoDB DEFAULT CHARSET=utf8;

-- ----------------------------
-- Records of parameter
-- ----------------------------
INSERT INTO `parameter` VALUES ('working_hours', '00:00-23:59', '0', 'Allotted working hours of the day', '2009-10-31 00:00:00');
INSERT INTO `parameter` VALUES ('no_of_pin_misses', '5', '1', 'Available number of pin misses allowed', '2009-11-16 12:44:27');
INSERT INTO `parameter` VALUES ('password_expiry_days', '360', '1', 'Number of days for password expiry', '2009-12-04 13:05:30');
INSERT INTO `parameter` VALUES ('Convient Fee Setup', '500', '0', 'Convient Fee Setup', '2016-10-26 18:38:44');
INSERT INTO `parameter` VALUES ('ticket_reservation_holding_max_time', '5', '1', 'Minutes the a Ticket is to be left reserved for payment to be done otherwise opened for purchase', '2018-07-23 12:04:24');
INSERT INTO `parameter` VALUES ('teasypay_api_buygoods_soapaction', 'http://41.220.65.180:8080/axis2/services/HRestAPITSHA/buyGoods', '1', 'Teasy Pay Api URL', '2018-07-30 16:35:52');
INSERT INTO `parameter` VALUES ('teasypay_api_apipass', 'qQgGbv6Hj684p0', '1', 'Hash Key', '2018-07-30 18:15:41');
INSERT INTO `parameter` VALUES ('teasypay_api_apiuser', 'gWtIgw29tks1kz', '1', 'Api User', '2018-07-30 18:46:52');
INSERT INTO `parameter` VALUES ('teasypay_api_soapurl', 'http://41.220.65.180:8080/axis2/services/HRestAPITSHA?wsdl', null, null, null);
INSERT INTO `parameter` VALUES ('teasypay_api_balance_soapaction', 'http://41.220.65.180:8080/axis2/services/HRestAPITSHA/queryBalanceCustomer', null, null, null);
INSERT INTO `parameter` VALUES ('boarding_time_before_departure_time', '2000', null, 'Minutes to Allow For Booking before a schedule departure time', '2018-08-04 16:49:30');
INSERT INTO `parameter` VALUES ('login_keep_alive', '300', '1', 'Expiration time for a keep alive of user session', '2018-08-06 18:17:28');
INSERT INTO `parameter` VALUES ('softcom_api_push_ticket', 'https://abuja-metro.appspot.com/api/v1/tickets/new', null, 'Send New Tickets to the Validation System', '2018-08-14 16:56:35');
INSERT INTO `parameter` VALUES ('ticket_batch_price', '4000', null, 'Price for sale of a bulk of ticket ', null);
INSERT INTO `parameter` VALUES ('tickets_per_batch', '100', null, 'Number of tickets in a batch', null);
INSERT INTO `parameter` VALUES ('ticket_price', '150', null, 'price to charge for the resale of tickets', null);

-- ----------------------------
-- Table structure for `role`
-- ----------------------------
DROP TABLE IF EXISTS `role`;
CREATE TABLE `role` (
  `role_id` varchar(5) NOT NULL DEFAULT '',
  `role_name` varchar(60) DEFAULT NULL,
  `role_enabled` char(1) DEFAULT NULL,
  `created` datetime DEFAULT NULL,
  PRIMARY KEY (`role_id`)
) ENGINE=InnoDB DEFAULT CHARSET=utf8;

-- ----------------------------
-- Records of role
-- ----------------------------
INSERT INTO `role` VALUES ('001', 'Super Administrator', '', '2009-10-31 18:54:57');
INSERT INTO `role` VALUES ('002', 'Operating Officer', '', '2016-10-26 16:47:09');

-- ----------------------------
-- Table structure for `tb_payments_data`
-- ----------------------------
DROP TABLE IF EXISTS `tb_payments_data`;
CREATE TABLE `tb_payments_data` (
  `customer_id` varchar(13) DEFAULT NULL,
  `item_categ` varchar(100) DEFAULT NULL,
  `item_name` varchar(100) DEFAULT NULL,
  `regs_code` varchar(100) DEFAULT NULL,
  `confirmation_code` varchar(40) NOT NULL,
  `amount` decimal(10,2) DEFAULT NULL,
  `receipt_no` varchar(40) DEFAULT NULL,
  `fullname` varchar(100) DEFAULT NULL,
  `description` varchar(255) DEFAULT NULL,
  `plate_number` varchar(255) NOT NULL,
  `bank_code` varchar(60) DEFAULT NULL,
  `branch_code` varchar(60) DEFAULT NULL,
  `trans_send_date` date NOT NULL,
  `trans_send_ip_addr` varchar(50) DEFAULT NULL,
  `trans_status` varchar(1) DEFAULT NULL,
  `trans_used_by` varchar(200) DEFAULT NULL,
  `trans_used_date` date DEFAULT NULL,
  `trans_used_ip_addr` varchar(50) DEFAULT NULL,
  `trans_processor` varchar(200) DEFAULT NULL,
  `trans_alloc_status` varchar(1) DEFAULT '0',
  `plate_allocate_user` varchar(100) DEFAULT NULL,
  `bank_trans_officer` varchar(100) DEFAULT NULL,
  `merchant_code` varchar(50) DEFAULT NULL,
  `vehPurpose` varchar(100) DEFAULT NULL,
  `vehPymntCate` varchar(100) DEFAULT NULL,
  `trans_categ` varchar(100) DEFAULT NULL,
  `set_status` tinyint(1) unsigned zerofill NOT NULL DEFAULT 0,
  `created` datetime DEFAULT NULL,
  PRIMARY KEY (`confirmation_code`),
  UNIQUE KEY `confirmation_code_index` (`confirmation_code`),
  KEY `itemname` (`item_name`),
  KEY `plate_number` (`plate_number`)
) ENGINE=InnoDB DEFAULT CHARSET=latin1 COMMENT='InnoDB free: 743424 kB; InnoDB free: 743424 kB; InnoDB free:';

-- ----------------------------
-- Table structure for `transaction_table`
-- ----------------------------
DROP TABLE IF EXISTS `transaction_table`;
CREATE TABLE `transaction_table` (
  `portal_id` varchar(500) NOT NULL DEFAULT '0',
  `source_acct` varchar(100) DEFAULT NULL,
  `destination_acct` varchar(100) DEFAULT NULL,
  `trans_type` varchar(50) DEFAULT NULL,
  `transaction_desc` text DEFAULT NULL,
  `transaction_amount` decimal(50,2) DEFAULT NULL,
  `response_code` varchar(100) DEFAULT NULL,
  `payment_mode` varchar(50) DEFAULT NULL,
  `posted_ip` varchar(50) DEFAULT NULL,
  `created` datetime DEFAULT NULL,
  `posted_user` varchar(100) DEFAULT NULL,
  `merchant_category` varchar(4) DEFAULT NULL,
  `settlement_status` int(1) unsigned zerofill DEFAULT 0,
  `settlement_id` varchar(80) DEFAULT NULL,
  `session_id` varchar(200) DEFAULT NULL,
  `debit_flag` int(11) NOT NULL,
  `debit_flag_date` date NOT NULL,
  `reversal_flag` int(11) NOT NULL,
  `reversal_flag_date` date NOT NULL,
  `trans_query_id` int(11) DEFAULT NULL,
  `merchant_commission` decimal(50,2) DEFAULT NULL,
  `chargefee` decimal(50,2) DEFAULT NULL,
  `response_message` varchar(100) DEFAULT NULL,
  `tin` varchar(500) DEFAULT NULL,
  `payment_gateway` varchar(80) DEFAULT NULL,
  `request_reversal` tinyint(1) DEFAULT 0,
  `reversal_request_date` datetime DEFAULT NULL,
  `reversal_approval_date` datetime DEFAULT NULL,
  `reversal_approved_by` varchar(200) DEFAULT NULL,
  `is_processed` tinyint(1) DEFAULT 0,
  `merchant_trans_id` varchar(225) DEFAULT NULL,
  `ussd_code` varchar(25) DEFAULT NULL,
  `revenue` decimal(50,2) DEFAULT NULL,
  PRIMARY KEY (`portal_id`),
  KEY `typeT` (`trans_type`),
  KEY `RCI` (`response_code`),
  KEY `cDai` (`created`),
  KEY `PuI` (`posted_user`),
  KEY `mCI` (`merchant_category`),
  KEY `SSi` (`settlement_status`)
) ENGINE=InnoDB DEFAULT CHARSET=utf8 COMMENT='InnoDB free: 4096 kB; InnoDB free: 3072 kB; InnoDB free: 307';

-- ----------------------------
-- Records of transaction_table
-- ----------------------------
INSERT INTO `transaction_table` VALUES ('DS1670494585', null, null, 'Transport Companies Registration', 'Registration', '0.00', null, 'CARD', '::1', '2022-12-08 11:19:20', 'sam@gmail.com', null, '0', null, null, '0', '0000-00-00', '0', '0000-00-00', null, null, null, null, '23017766191', 'MONIFY', '0', null, null, null, '1', null, null, null);
INSERT INTO `transaction_table` VALUES ('DS1670585489', null, null, 'Transport Companies Registration', 'Registration', '60000.00', null, 'CARD', '::1', '2022-12-09 12:34:30', 'sam@gmail.com', null, '0', null, null, '0', '0000-00-00', '0', '0000-00-00', null, null, null, null, '23017766191', 'MONIFY', '0', null, null, null, '1', null, null, null);
INSERT INTO `transaction_table` VALUES ('DS1670830213', null, null, 'Transport Companies Registration', 'Registration', '60000.00', null, 'CARD', '::1', '2022-12-12 08:31:33', 'sam@gmail.com', null, '0', null, null, '0', '0000-00-00', '0', '0000-00-00', null, null, null, null, '23017766191', 'MONIFY', '0', null, null, null, '1', null, null, null);
INSERT INTO `transaction_table` VALUES ('DS1670856055', null, null, 'Transport Companies Registration', 'Registration', '60000.00', null, 'CARD', '::1', '2022-12-12 15:42:40', 'sam@gmail.com', null, '0', null, null, '0', '0000-00-00', '0', '0000-00-00', null, null, null, null, '23017766191', 'MONIFY', '0', null, null, null, '1', null, null, null);
INSERT INTO `transaction_table` VALUES ('DS1670857436', null, null, 'Transport Companies Registration', 'Registration', '60000.00', null, 'CARD', '::1', '2022-12-12 16:05:42', 'sam@gmail.com', null, '0', null, null, '0', '0000-00-00', '0', '0000-00-00', null, null, null, null, '23017766191', 'MONIFY', '0', null, null, null, '1', null, null, null);
INSERT INTO `transaction_table` VALUES ('DSL1670832456', null, null, 'Driving School Registration', 'Registration', '50.00', null, 'CARD', '::1', '2022-12-12 09:08:46', 'sam@gmail.com', null, '0', null, null, '0', '0000-00-00', '0', '0000-00-00', null, null, null, null, '23017766191', 'MONIFY', '0', null, null, null, '1', null, null, null);
INSERT INTO `transaction_table` VALUES ('DSL1670852794', null, null, 'Driving School Registration', 'Registration', '50.00', null, 'CARD', '::1', '2022-12-12 15:22:20', 'sam@gmail.com', null, '0', null, null, '0', '0000-00-00', '0', '0000-00-00', null, null, null, null, '23017766191', 'MONIFY', '0', null, null, null, '1', null, null, null);
INSERT INTO `transaction_table` VALUES ('MCG1670832357', null, null, 'Mechanic Garage Registration', 'Registration', '20000.00', null, 'CARD', '::1', '2022-12-12 09:06:39', 'sam@gmail.com', null, '0', null, null, '0', '0000-00-00', '0', '0000-00-00', null, null, null, null, '23017766191', 'MONIFY', '0', null, null, null, '1', null, null, null);
INSERT INTO `transaction_table` VALUES ('MCG1670860533', null, null, 'Mechanic Garage Registration', 'Registration', '10000.00', null, 'CARD', '::1', '2022-12-12 16:59:46', 'sam@gmail.com', null, '0', null, null, '0', '0000-00-00', '0', '0000-00-00', null, null, null, null, '23012766192', 'MONIFY', '0', null, null, null, '1', null, null, null);
INSERT INTO `transaction_table` VALUES ('SPD1670832164', null, null, 'Spare Parts Dealership Registration', 'Registration', '40000.00', null, 'CARD', '::1', '2022-12-12 09:03:30', 'sam@gmail.com', null, '0', null, null, '0', '0000-00-00', '0', '0000-00-00', null, null, null, null, '23017766191', 'MONIFY', '0', null, null, null, '1', null, null, null);
INSERT INTO `transaction_table` VALUES ('SPD1670859687', null, null, 'Spare Parts Dealership Registration', 'Registration', '40000.00', null, 'CARD', '::1', '2022-12-12 16:46:17', 'sam@gmail.com', null, '0', null, null, '0', '0000-00-00', '0', '0000-00-00', null, null, null, null, '23017766191', 'MONIFY', '0', null, null, null, '1', null, null, null);
INSERT INTO `transaction_table` VALUES ('TCP1670832042', null, null, 'Transport Companies Registration', 'Registration', '150000.00', null, 'CARD', '::1', '2022-12-12 09:01:47', 'sam@gmail.com', null, '0', null, null, '0', '0000-00-00', '0', '0000-00-00', null, null, null, null, '23017766191', 'MONIFY', '0', null, null, null, '1', null, null, null);
INSERT INTO `transaction_table` VALUES ('TCP1670858990', null, null, 'Transport Companies Registration', 'Registration', '150000.00', null, 'CARD', '::1', '2022-12-12 16:37:58', 'sam@gmail.com', null, '0', null, null, '0', '0000-00-00', '0', '0000-00-00', null, null, null, null, '23012766192', 'MONIFY', '0', null, null, null, '1', null, null, null);

-- ----------------------------
-- Table structure for `userdata`
-- ----------------------------
DROP TABLE IF EXISTS `userdata`;
CREATE TABLE `userdata` (
  `username` varchar(100) NOT NULL,
  `password` varchar(100) NOT NULL,
  `role_id` varchar(20) NOT NULL,
  `role_name` varchar(40) NOT NULL,
  `firstname` varchar(60) NOT NULL,
  `lastname` varchar(60) NOT NULL,
  `email` varchar(100) NOT NULL,
  `mobile_phone` varchar(20) NOT NULL,
  `passchg_logon` char(1) NOT NULL,
  `pass_expire` varchar(1) DEFAULT NULL,
  `pass_dateexpire` date DEFAULT NULL,
  `pass_change` char(1) DEFAULT '0',
  `user_disabled` char(1) NOT NULL DEFAULT '0',
  `user_locked` char(1) NOT NULL DEFAULT '0',
  `day_1` char(1) NOT NULL,
  `day_2` char(1) NOT NULL,
  `day_3` char(1) NOT NULL,
  `day_4` char(1) NOT NULL,
  `day_5` char(1) NOT NULL,
  `day_6` char(1) NOT NULL,
  `day_7` char(1) NOT NULL,
  `pin_missed` int(2) NOT NULL DEFAULT 0,
  `last_used` datetime DEFAULT NULL,
  `created` datetime DEFAULT NULL,
  `modified` datetime DEFAULT NULL,
  `authorize_status` char(1) DEFAULT '0',
  `user_type` char(1) DEFAULT NULL,
  `hint_question` varchar(100) DEFAULT NULL,
  `hint_answer` varchar(100) DEFAULT NULL,
  `override_wh` char(1) DEFAULT NULL,
  `extend_wh` varchar(11) DEFAULT NULL,
  `login_status` char(1) DEFAULT NULL,
  `account_no` varchar(11) DEFAULT NULL,
  `account_name` varchar(150) DEFAULT NULL,
  `super_agent_id` varchar(100) DEFAULT NULL,
  `contact_address` varchar(200) DEFAULT NULL,
  `office_address` varchar(200) DEFAULT NULL,
  `bank_name` varchar(30) DEFAULT NULL,
  `posted_user` varchar(50) DEFAULT NULL,
  `office_state` varchar(30) DEFAULT NULL,
  `office_lga` varchar(30) DEFAULT NULL,
  `reg_status` char(1) DEFAULT '0',
  `user_id` varchar(20) DEFAULT NULL,
  `status` varchar(1) DEFAULT '0',
  `sex` varchar(10) DEFAULT NULL,
  `church_id` varchar(40) DEFAULT NULL,
  `parish_pastor` char(1) NOT NULL DEFAULT '0',
  `modified_date` datetime DEFAULT NULL,
  `photo` varchar(50) DEFAULT NULL,
  `reset_pwd_link` text DEFAULT NULL,
  `reg_center` varchar(80) DEFAULT NULL,
  PRIMARY KEY (`username`),
  KEY `US2` (`password`),
  KEY `US3` (`pass_expire`),
  KEY `US4` (`role_id`) USING BTREE,
  KEY `US5` (`user_locked`) USING BTREE
) ENGINE=InnoDB DEFAULT CHARSET=utf8 COMMENT='InnoDB free: 11264 kB; InnoDB free: 11264 kB; InnoDB free: 1';

-- ----------------------------
-- Records of userdata  
-- ----------------------------
INSERT INTO `userdata` VALUES ('nel@mail.com', '0x5956327b72606836', '002', '', 'Nelson', 'Omoniyi', 'nel@mail.com', '08096506422', '1', null, null, '0', '0', '1', '1', '1', '1', '1', '1', '1', '1', '0', null, '2022-10-28 12:35:16', null, '0', null, null, null, null, null, null, null, '', null, null, null, null, 'sam@mail.com', null, null, '0', null, '0', 'male', null, '1', null, null, null, '2');
INSERT INTO `userdata` VALUES ('sam@gmail.com', '0x0aca73c9dc9d3856', '002', '', 'Nelson', 'Omoniyi', 'sam@gmail.com', '08096506422', '0', null, null, '0', '0', '0', '1', '1', '1', '1', '1', '1', '1', '0', null, '2022-06-06 05:30:46', null, '0', null, null, null, null, null, null, '', '', null, null, null, '', 'sam@mail.com', null, null, '0', null, '0', 'male', null, '1', null, 'sam@mail.com.jpg', null, null);
INSERT INTO `userdata` VALUES ('sam@mail.com', '0xefd60ad68ba64e9b', '001', '', 'Sam', 'James', 'sam@mail.com', '08035153080', '0', null, '2024-07-18', '0', '0', '0', '1', '1', '1', '1', '1', '1', '1', '0', '2018-04-06 16:59:19', '2018-03-09 16:32:05', '0000-00-00 00:00:00', null, null, 'jddjjjd', 'jdjdjjdd', '0', '1', null, '09874625477', 'jdjdjd', '', 'skajjs', 'hdhdhhf', 'GTB', 'sam@mail.com', 'FCT', 'AMAC', '1', '0001', '0', 'male', null, '', null, 'sam@mail.com.jpg', '0xbeb116b6ae486e3bab91af322e385141dc8d0e50a7f879870610e3407e568179b153fee84ed65cf11871bbce4d90f9b7871148a232fa8924', null);

